<?xml version="1.0" encoding="UTF-8"?>
<!DOCTYPE mapper
	PUBLIC "-//mybatis.org//DTD Mapper 3.0//EN"
	"http://mybatis.org/dtd/mybatis-3-mapper.dtd">
	
<mapper namespace="com.springlec.p14011.dto.IDao">
	<select id="listDao" resultType="com.springlec.p14011.dto.BDto"> <!-- IDao.java 에 있는 인터페이스 이름과 동일하게 해줘야함  -->
		
		SELECT * FROM MVC_ADDRESS ORDER BY BID DESC	<!-- 대문자로 써주는게 좋음 resultType 는 셀렉트만 있음  -->
		
	</select>
	
	<insert id="writeDao">
		INSERT INTO MVC_ADDRESS (BNAME, BNUMBER, BADDRESS, BEMAIL, BRELATIONSHIP) VALUES (#{param1}, #{param2}, #{param3}, #{param4}, #{param5})
	</insert>
	
	<select id="contentDao" resultType="com.springlec.p14011.dto.BDto">
		SELECT * FROM MVC_ADDRESS WHERE BID = #{param1}
	</select>
	
	<update id="modifyDao">
		UPDATE MVC_ADDRESS SET BNAME = #{param2}, BNUMBER = #{param3}, BADDRESS = #{param4}, BEMAIL = #{param5}, BRELATIONSHIP = #{param6} WHERE BID = #{param1}
	</update>
	
	<delete id="deleteDao">
		DELETE FROM MVC_ADDRESS WHERE BID = #{param1}
	</delete>
	
</mapper>